"first_name","last_name"
"ABNES","DUBOSE"
"ADRIOHN","RICHARDSON"
"AFRIKA","BAMBAATAA"
"AKIL","DASAN-BAKER"
"ALAN","BARILE"
"ALAN","PALMER"
"ALEX","AMPADU"
"ALLEN","JOSEPH"
"ALVIE","WIGGINS"
"AMATUS-SAMI","KARIM"
"ANDRE","LONG"
"ANDRE","PRESTON"
"ANDREA","HICKS-WADDELL"
"ANDY","WASSERMAN"
"ANTHONY","MENDIZZA"
"ANTHONY","MEYER"
"ANTHONY","RYLSKI"
"ANTHONY","WILLIAMS"
"ANTRON","HAILE"
"ARETTA","HILL"
"BERNARD","FOWLER"
"BOBBY","BYRD"
"BRAD","DACUS"
"BRADLEY","ASKEW"
"BRADLEY","SPALTER"
"BRANDEE","YOUNGER"
"BRANDON","BURKE"
"BRIAN","BRANCH"
"BRIAN","SEEKINS"
"CHI","GRIFFITH"
"CANITA","ROGERS"
"CARL","WALKER"
"CARL","WHEELER"
"CARLA","FOWLER"
"CARMEN","LAMPSON"
"CAROLINE","HARDING"
"CAROLYN","RICHARDSON"
"CHAD","CONALLY"
"CHALMERS","ALFORD"
"CHARLES","OWENS"
"CHARLY","CHARLES"
"CHESTER","ANDREWS"
"CHIFFON","ABNEY"
"CHRIS","BLACK"
"CHRIS","GODBEY"
"CHRISTOPHER","AARON"
"CHRISTOPHER","KELLAM"
"CHRISTOPHER","RUCKER"
"CHRISTOPHER","WILLIS"
"CLARENCE","KIRBY"
"COLONEL","ABRAMS"
"CONCETT","BRADLEY"
"CONESHA","OWENS"
"CONNY","JACKSON"
"COREY","DINKINS"
"COREY","WOODARD"
"CRAIG","STEVENS"
"DAMICE","JOHNSON"
"DAMION","WASHINGTON"
"DAMON","JOHNSON"
"DAMON","SMITH"
"DARREL","OTEY"
"DARRELL","BLAIR"
"DARRELL","SAVAGE"
"DARRYLE","GRIFFIN"
"DARYL","SAMS"
"DASHAWN","HAMILTON"
"DAVEL","MCKENZIE"
"DAVID","BARTLEY"
"DAVID","BREWSTER"
"DAVID","CRENSHAW"
"DAVID","MC DOWELL"
"DAVID","PEARSALL"
"DE JAUN","CALDWELL"
"DEAN","CHARLES"
"DEANNA","BENNET"
"DEMETRIUS","HOUSER"
"DERRICK","ADAMS"
"DERRICK","ELLIOT"
"DERRICK","NICHOL"
"DERRICK","TROTMAN"
"DERRICK","WILLIAMS"
"DEVIN","COPELAND"
"DEVON","CALLENDER"
"DICK","GRIFFIN"
"DONALD","WOOLFOLK"
"DORIAN","BESSON"
"DWINEL","ROLLINS"
"EDDIE","LANERS"
"EDDIE","MININFIELD"
"EDGAR","SINIO"
"EHAN","MCALISTER"
"ELIJAH","BAKER"
"ENRICO","ALEXANDER"
"ERIC","BAKER"
"ERIC","SADLER"
"ERICKSON","BYRAN"
"ERRIC","ESSIX"
"ERRON","WILLIAMS"
"ERVIN","FORD"
"FONZI","THORNTON"
"FRANK","LUCAS"
"FRANK","SWISHER"
"GARY","HARPER"
"GAVIN","MARCHAND"
"GEORGE","BUTLER"
"GEORGE","DICKENS"
"GLENN","ALEXANDER"
"GREG","HOUSTON"
"GREGORY","SKYLER-TAYLOR"
"HARRY","ALLEN"
"HARRY","WHITAKER"
"HORRACE","WEATHERS"
"ILYAS","NASHID"
"ISMAEL","DIAZ"
"IVAN","JOHNSON"
"JACQUES","SCHWARZBART"
"JALYN","JACK ANDERSON"
"JAMAR","CIRKSEY"
"JAMES","HEARD"
"JAMES","LINCOLN"
"JAMES","MCCURDY"
"JAMES","PERCELL"
"JAMEY","JIMERSON"
"JAN","STYLES"
"JANE","GETTER"
"JANELLE","MEDLEY"
"JA'QUAINE","COE"
"JASON","HUFFMAN"
"JASON","WILBURN"
"JOSEPH","GRIFFIN"
"JEFF","MYERS"
"JEFFREY","BARANOWSKI"
"JEFFREY","BATISTA"
"JEFFREY","MC CORMICK"
"JENN","LONDON"
"JERET","GRIFFIN-BLACK"
"JEROLD","ELLIS"
"JERRY","MIK ROBERTS"
"JERRY","WHITE"
"JOSEPH","ARCHIE"
"JOESPH","JOHNSON"
"JOHN","COOPER"
"JOHN","O'BRIAN"
"JOHN","SMITH"
"JONATHAN","WILLIAMS"
"JONUS","BENAJMIN"
"JORDAN","D'ANDIRA"
"JOSE","BATIZ"
"JOSEF","LEIMBERG"
"JUAN","PABLO TORRES"
"KACY","BROOKS"
"KAMAARPHICAL","DONTEL MOYE"
"KATRINA","DAVIS"
"KAVON","SHAH"
"KEITH","MURRAY"
"KELVIN","DAVIS"
"KELVIN","HAYNES"
"KENNETH","GRANT"
"KENNETH","JOHNSON"
"KENNI","SKI"
"KENNY","MCNEIL"
"KEVIN","PYNDELL"
"KEVIN","THOMAS"
"KIMEKO","LANGHAM"
"KNOWLEDGE","ALLAH"
"KOLA","MARION"
"KYLE","PIERCE"
"KYLE","ROBINSON"
"KYRON","SUMPTER"
"LARRY","HENDERSON"
"LEAH","QUEZADA"
"LEE","CORT"
"LEE","SHAW"
"LEONARD","SMYTHE"
"LEQWAN","BELL"
"LESLIE","WILLIAMS III"
"LOUIS","WILLIAMS"
"LUTHER","HANES"
"LUTHER","WATERS"
"MAIA","BANKS"
"MALIK","JOHNSON"
"MARC","WIGGINS"
"MARCHELL","JACKSON"
"MARK","CURRY"
"MARKEL","CLAYTON"
"MATT","DESARLI"
"MAURICE","WATKINS"
"MELBA","MOORE"
"MELISSA","YOUNG"
"MICHAEL","ALLEN"
"MICHAEL","BERENS"
"MICHAEL","BURNETT"
"MICHAEL","BUTLER"
"MICHAEL","JACKSON"
"MICHAEL","RICHARDSON"
"MICHAEL","SCARLETT"
"MICHAEL","DINKINS"
"MUSA","ABDALLAH"
"MYRON","MCKINLEY"
"NAFIS","RASHED"
"NAQUAN","WHITE"
"NARADA","GREENAWAY"
"NATHAN","LEWIS"
"NICK","PIRO"
"NICOLE","OWENS"
"OMAR","BARNES"
"OMAR","BOURDRIS"
"OMAR","WILLIAMS"
"OTIS","COOPER"
"PATRICE","PEARSON"
"PATRICK","JACKSON"
"PATRICK","SHORT"
"PAUL","BEASLEY"
"PAUL","PORTER"
"PHIL","DAVIS"
"QUEDON","BAUL"
"RAFAEL","HOWELL"
"RAMIDO","GARRISON"
"RANDY","DUPREE"
"RANDY","YOUNG"
"RAY","BRASWELL JUNIOR"
"RAYMOND","MCKINLEY"
"RENA","SCOTT"
"REUBIN","DELLE"
"RICHARD","BOULGER"
"RICHARD","DAWKINS"
"RICHARD","HARRIS"
"RICHARD","SHAW"
"RICHARD","WALLACE"
"RICO","ANDERSON"
"ROBERT","ALLEN"
"ROBERT","GUNN"
"ROBERT","HARDING"
"ROBERT","KIRKLAND"
"ROBERT","LAVAN"
"ROBERT","PARKER"
"ROBERTO","BURTON"
"ROBIN","PEREZ"
"RODNEY","GADSON"
"RONALD","DAVIS"
"RUSSELL","WOODSON"
"SAMUEL","GAUSE"
"SAMUEL","HOSKINS"
"SAMUEL","THOMAS"
"SANDRA","ADAMS"
"SCOTT","WHITFIELD"
"SEAN","DEVORE"
"SEAN","HAMILTON"
"SEE","ATTACHED"
"SHAMEL","PATTEN"
"SHANNON","RUSSELL"
"SHARAY","REED"
"SHATIQUA","VELASQUEZ"
"SHAUN","SHARKEY"
"SHEROD","WILLIAMS"
"SHERROD","SHACKLEFORD"
"SHOVON","BURTON"
"SIDNEY","BROWN"
"SIR","ROAN"
"SONJA","SINGLETON"
"SONNY","SOWLES"
"STANLEY","THOMPSON"
"STEPHANIE","MCKAY"
"STEPHEN","COUNCE"
"STEVE","BURNETTE"
"STEVEN","BROWN"
"STRANLEY","BOOKER"
"EUGeNE","RHYNIE"
"TAMARIS","TAYLOR"
"TAYLOR","RIVELLI"
"TERELL","MORRIS"
"THADDAEUS","TRIBBETT"
"THEODORE","JACKSON"
"THOMAS","BEASLEY"
"TIM","MORRISON"
"TIMOTHY","LEWIS"
"TIMOTHY","BARCLIFT"
"TINA","MARIE MURRAY"
"TOBIE","JACKSON MAGEE"
"TOM","BRADLEY"
"TOMMY","JENKINS"
"TONY","HAYES"
"TORAE","LISTON CARR"
"TYRONE","JACKSON"
"Umar","ALWAN"
"VALERIE","JOHNSON"
"VICTOR","JONES"
"WILBER","SPADY"
"WILBERT","BASS"
"WILLIAM","LAR ON DAVIS"
"WILLIE","BAKER"
"WILLIAM","LORA"
"WILLIE","WILLIAMS"
"XAVIER","GARDNER"
"DEREK","ALLEN"
"ANDREW","NEESLEY"
"KENIECE","FORD"
"DANIEL","FERRARI"
"CASEY","MAHONEY"
"MARLON","MCGREGOR"
"JACOB","POORE"
"BILLIE","RAINBIRD"
"THOMAS","MCCREE"
"JUSTIN","DAVIS"
"ANTOINE","BALDWIN"
"MONTIQUE","WILLIS"
"JAMES","ONEAL"
"IRA","DEAN"
"ANGELA","JONES"
"LUKE","FORD"
"KERRY","FOULKE"
"BENJAMIN","ELLINGWORTH"
"DANIEL","SUTHERLAND"
"JOSEPH","KULESZYNSKI"
"HASKEL","JACKSON"
"CHARLES","SHAW"
"KEITH","WATTS"
"STANLEY","HARRIS"
"MARK","SPEER"
"MARK","STRONG"
"RUDOLPH","STRONG"
"SEAN","BAKER"
"WILLIAM","GRAINER"
"ANTONIO","STREET"
"ALFONZO","WALKER"
"MALIEK","WASHINGTON"
"MYSONNE","LINEN"
"DENNIS","MOREHEAD"
"BARETHEA","SCOTT"
"ANN","WILLINGHAM"
"ANGEL","NOA"
"MICHAEL","REDICT"
"ROBERT","KEYES"
"WILLIAM","JONES"
"DAVID","APPLETON"
"CRAIG","KING"
"FATIN","DANTZLER"
"AJA","GRAYDON"
"SHERREE","BROWN"
"MANORO","WILLIAMS"
"RUSSELL","ATKINS"
"SHA-RON","PRESCOTT"
"ROY","TYLER"
"ROCHELLA","YAKUBOV"
"WALTER","SCOTT"
"RONNIE","BREAUX"
"DAYTON","WELLINGTON"
"DAMIEN","TAYLOR"
"CURTIS","FULLARD"
"JESSE","MAtTHEWS"
"CHRISTION","DIAZ"
"JEFFREY","WELLS"
"IKENNA","UDEMBA"
"MARC","JOSEPH"
"DAVID","STEWART"
"SLAV","VYNNYTSKY"
"EMMANUEL","RIGGINS"
"DANA","SOREY"
"THEO","EDMONDS"
"ANDRE","ATKINS"
"SENECA","CAYSON"
"BRANDON","MATTHEWS"
"RUBEN","BAILEY"
"CHRISTOPHER","STEVENS"
"ASHLEY","BANNISTER"
"RANDALL","BOWLAND"
"DEAN","FARMER"
"NILES","MCKINNEY"
"FLEMUEL","BROWN"
"ALISHONN","BONNETT"
"JOSHUA","RENDON"
"LAWRENCE","SIMPSON"
"MICHAEL","MILLER"
"JOEL","CAMPBELL"
"ELIJAH","SCOTT"
"FRANK","GREENFIELD"
"ASHLEY","DAVIS"
"DAVID","MANLEY"
"STEPHEN","LEVITIN"
"Larry","Nix"
"SYRETHA","SMITH"
"JUSTIN","DERRICO"
"MAURICE","SHAKUR"
"COREY","EVANS"
"SHELBY","JOHNSON"
"ELIJAH","HARRIS"
"DEMIEN","DESANDIES"
"BRIAN","GINSBERG"
"DAVID","TWYMAN"
"CRAIG","MARKET"
"PATRICK","MCDOUGAL"
"TIM","STAFFORD"
"RODNEY","YOUNG"
"JOSHUA","ADAMS"
"DERRELLE","DAVIDSON"
"REGINALD","BURKE"
"CHARLES","ANDERSON"
"BECKY","BULLER"
"CHAD","ROPER"
"XAVIER","SMITH"
"LESLY","MERCERON"
"MATTHEW","MCALLISTER"
"KEVIN","MCCLUNG"
"KEVIN","BARNES"
"ZACHARY","MAXEY"
"ANDRES","GILL"
"ANSON","DAWKINS"
"JUSTIN","RUCKER"
"DIRK","PATE"
"BOBBY","SPARKS"
"JAIRUS","Mozee"
"",""
"JASON","HENDRICKSON"
"SHAKIRA","JONES"
"KENNY ","BLACK"
"CARL ","JOSEPH"
"ANDREW ","LIEBENHAUT"
"RODERICK A. ","MARSHALL"
"EMMANUEL ","GRIGGS"
"ISAIAH AKEEM ","CAMPBELL"
"GEORGE","GRIFFIN"
"ALAN","EVANS"
"MICAH","SHAW"
"GEORGE","MCCURDY"
"NGAI","MCGEE"
"MICHAEL","PATTERSON"
"seneca","lovejoy"
"steven","battey"
"dustin","brower"
"cedric","hill"
"al","lambert"
"aaron","ford"
"Chris","elsner"
"RODNEY","JONES"
"",""
"",""
"OLUWASEYI","AGBETI"
"CHARLES","BETHANY"
"",""
"",""
"Ron","gilmore"
"",""
"romel ","gibson"
"Allen","anthony"
"CALVIN","RODGERS"
"PHILLIP","FEASTER"
"DEONIS","COOK"
"DONOVAN","JACKSON"
"MARY","LABRIE"
"ADAM","BLACKSTONE"
"ESCROW","ACCOUNT"
"ERIC","CRAWFORD"
"JAYMS","MADISON"
"PETRI","MATARA"
"HENRIK","TALA"
"MILOS","ROSAS"
"TALIK","BAKER"
"MIKEL","FAIR"
"LETITIA","SMITH"
"DAVID","HADDON"
"AUSTIN","OWENS"
"JASON","ROBINSON"
"ALVIN","GARRETT"
"TERRELL","SASS"
"MICHELLE ","MOORE"
